IDRespostaAvaliador;IDResposta;IDAtributoQuestionario;IDUsuarioResposta;DSResposta;DTResposta;CDInstalacaoPortuaria;TPRespAtribQuestionario
4;40265;5548;4564;FE012742 (renov,);2019-07-29 15:16:30.113;"236    ";"0         "
7;51618;5572;4442;NULL;2019-07-30 16:31:01.237;"131    ";"0         "
8;36797;4496;4759;NULL;2019-07-30 16:59:49.207;"SSA    ";"0         "
12;51624;5619;4564;Executa de modo frequente ações de conscientização e capacitação técnica dos profissionais da instalação em temas de meio ambiente e sustentabilidade;2019-08-02 13:24:54.687;"131    ";"1         "
13;37101;5648;4564;Há medidas de mitigação da poluição por gases e particulados.;2019-08-02 13:32:49.080;"275    ";"1         "
14;37140;5652;4564;Existe norma com procedimento interno referente ao gerenciamento de resíduos gerados pelas áreas administrativa e operacional, incluindo os perigosos.;2019-08-02 13:33:08.593;"275    ";"1         "
15;37140;5655;4564;NULL;2019-08-02 13:33:28.500;"275    ";"0         "
16;37101;5645;4564;NULL;2019-08-02 13:33:44.793;"275    ";"0         "
18;50163;4497;4442;143/2016;2019-08-08 15:28:34.740;"FOR    ";"0         "
20;52192;4536;4564;As cargas perigosas em terminais, pátios e armazéns, são devidamente segredadas, incluindo áreas específicas para disposição de contêineres avariados;2019-08-12 14:48:35.293;"SSA    ";"1         "
22;42033;5608;4564;NULL;2019-08-14 12:05:31.107;"192    ";"0         "
23;42044;5651;4564;NULL;2019-08-14 12:05:41.137;"192    ";"0         "
25;52194;5652;4564;O PGRS foi aprovado pelo órgão ambiental.;2019-08-14 12:19:34.907;"357    ";"1         "
26;52195;5652;4564;Há promoção de campanhas periódicas para incentivar o gerenciamento de resíduos gerados pela instalação e empresas que atuam na instalação.;2019-08-14 12:19:34.907;"357    ";"1         "
27;52196;5652;4564;Existe norma com procedimento interno referente ao gerenciamento de resíduos gerados pelas áreas administrativa e operacional, incluindo os perigosos.;2019-08-14 12:19:34.920;"357    ";"1         "
28;37917;5653;4564;NULL;2019-08-14 12:20:16.727;"357    ";"0         "
29;36812;4531;2544;NULL;2019-08-14 15:07:14.223;"SSA    ";"0         "
30;36802;4515;2544;NULL;2019-08-14 15:08:04.923;"SSA    ";"0         "
31;38673;4691;2544;NULL;2019-08-14 15:11:29.223;"ARB    ";"0         "
33;52199;5570;4483;Plano de Área;2019-08-14 16:18:55.910;"203    ";"1         "
34;52201;5570;4483;Plano de Ajuda Mútua - PAM;2019-08-14 16:18:55.910;"203    ";"1         "
35;52202;5570;4483;Programa de Prevenção de Riscos Ambientais - PPRA;2019-08-14 16:18:55.910;"203    ";"1         "
37;52206;5582;4483;Adota medidas/ações/estratégias para redução do consumo de energia.;2019-08-14 16:19:44.493;"203    ";"1         "
38;52209;5597;4483;Há dotação orçamentária específica para o Núcleo Ambiental.;2019-08-14 16:20:20.050;"203    ";"1         "
39;52210;5597;4483;É feito o acompanhamento discriminado dos custos ambientais.;2019-08-14 16:20:20.067;"203    ";"1         "
41;52217;5652;4483;O PGRS foi aprovado pelo órgão ambiental.;2019-08-14 16:21:12.383;"203    ";"1         "
42;52218;5652;4483;Há promoção de campanhas periódicas para incentivar o gerenciamento de resíduos gerados pela instalação e empresas que atuam na instalação.;2019-08-14 16:21:12.383;"203    ";"1         "
43;52219;5652;4483;Existe norma com procedimento interno referente ao gerenciamento de resíduos gerados pelas áreas administrativa e operacional, incluindo os perigosos.;2019-08-14 16:21:12.400;"203    ";"1         "
47;38548;5579;4483;NULL;2019-08-14 16:23:40.047;"203    ";"0         "
50;38573;5646;4483;NULL;2019-08-14 16:24:40.897;"203    ";"0         "
52;38544;5566;4483;NULL;2019-08-14 16:25:24.060;"203    ";"0         "
53;38550;5584;4483;NULL;2019-08-14 16:25:36.480;"203    ";"0         "
54;52222;5652;4483;Há promoção de campanhas periódicas para incentivar o gerenciamento de resíduos gerados pela instalação e empresas que atuam na instalação.;2019-08-14 16:56:23.877;"241    ";"1         "
55;52223;5581;4483;A.	A instalação portuária dispõe de instalações próprias e/ou implantou meios adequados para o recebimento e tratamento de resíduos (Res. 2.190/2011);2019-08-14 17:02:31.670;"226    ";"1         "
56;52224;5581;4483;B.	Há destinação de algum resíduo para reciclagem.;2019-08-14 17:02:31.683;"226    ";"1         "
57;52225;5581;4483;C.	Há o controle da instalação portuária sobre a disposição final adequada.;2019-08-14 17:02:31.683;"226    ";"1         "
61;52230;5597;4483;É feito o acompanhamento discriminado dos custos ambientais.;2019-08-14 17:34:33.307;"211    ";"1         "
62;35733;5594;4483;NULL;2019-08-14 17:34:47.443;"211    ";"0         "
63;52235;5619;4483;Estabelece parcerias com escolas, universidades e/ou ONGS para as ações de educação ambiental internas e externas à instalação portuária;2019-08-14 17:34:56.797;"211    ";"1         "
64;52236;5619;4483;Executa de modo frequente ações de conscientização e capacitação técnica dos profissionais da instalação em temas de meio ambiente e sustentabilidade;2019-08-14 17:34:56.797;"211    ";"1         "
65;35727;5584;4483;NULL;2019-08-14 17:35:22.447;"211    ";"0         "
66;52237;5619;4483;Desenvolve programas e/ou projetos de educação ambiental voltados para a comunidade externa à instalação portuária.;2019-08-14 17:40:06.483;"182    ";"1         "
67;52238;5619;4483;Mensura e divulga os resultados dos programas e/ou projetos de educação ambiental, tanto aqueles internos quanto aqueles externos.;2019-08-14 17:40:06.483;"182    ";"1         "
68;52239;5619;4483;Estabelece parcerias com escolas, universidades e/ou ONGS para as ações de educação ambiental internas e externas à instalação portuária;2019-08-14 17:40:06.500;"182    ";"1         "
71;39997;5577;4483;NULL;2019-08-14 17:45:13.443;"181    ";"0         "
72;52242;5652;4483;O PGRS está elaborado e implementado.;2019-08-14 17:56:48.950;"249    ";"1         "
73;52243;5652;4483;O PGRS foi aprovado pelo órgão ambiental.;2019-08-14 17:56:48.963;"249    ";"1         "
74;52244;5652;4483;Há promoção de campanhas periódicas para incentivar o gerenciamento de resíduos gerados pela instalação e empresas que atuam na instalação.;2019-08-14 17:56:48.963;"249    ";"1         "
75;52245;5652;4483;Existe norma com procedimento interno referente ao gerenciamento de resíduos gerados pelas áreas administrativa e operacional, incluindo os perigosos.;2019-08-14 17:56:48.980;"249    ";"1         "
76;52246;4536;4483;As cargas perigosas em terminais, pátios e armazéns, são devidamente segredadas, incluindo áreas específicas para disposição de contêineres avariados;2019-08-14 17:58:39.703;"IQI    ";"1         "
83;38233;4496;4442;NULL;2019-09-02 11:48:18.860;"IBB    ";"0         "
88;38241;4501;4442;NULL;2019-09-02 15:55:48.963;"IBB    ";"0         "
89;52260;4519;4483;Plano de Controle de Emergência - PCE;2019-09-09 15:12:30.220;"IBB    ";"1         "
90;52261;4519;4483;Plano de Ajuda Mútua - PAM;2019-09-09 15:12:30.267;"IBB    ";"1         "
91;52262;4519;4483;Programa de Prevenção de Riscos Ambientais - PPRA;2019-09-09 15:12:30.283;"IBB    ";"1         "
92;52263;4536;4483;As cargas perigosas em terminais, pátios e armazéns, são devidamente segredadas, incluindo áreas específicas para disposição de contêineres avariados;2019-09-09 15:13:04.593;"IBB    ";"1         "
93;52264;4536;4483;Há sinalização vertical e horizontal nas áreas de circulação interna, de armazenagem e manuseio de produtos.;2019-09-09 15:13:04.610;"IBB    ";"1         "
94;52265;4536;4483;Há Programa de Gerenciamento de Riscos estabelecendo condições para o transporte, manuseio e armazenamento de produtos perigosos.;2019-09-09 15:13:04.610;"IBB    ";"1         "
95;52267;4537;4483;Adota medidas/ações/estratégias para redução do consumo de energia.;2019-09-09 15:13:21.517;"IBB    ";"1         "
96;52268;4537;4483;Acompanha sistematicamente a eficiência das ações de redução por meio de indicadores.;2019-09-09 15:13:21.533;"IBB    ";"1         "
97;52269;4552;4483;Há dotação orçamentária específica para o Núcleo Ambiental.;2019-09-09 15:14:00.610;"IBB    ";"1         "
98;52270;4552;4483;É feito o acompanhamento discriminado dos custos ambientais.;2019-09-09 15:14:00.627;"IBB    ";"1         "
99;52271;4552;4483;O orçamento destinado à área ambiental aumentou, em proporção do orçamento total da instalação, comparado ao do ano anterior.;2019-09-09 15:14:00.657;"IBB    ";"1         "
102;52274;4781;4564;Executa de modo frequente ações de conscientização e capacitação técnica dos profissionais da instalação em temas de meio ambiente e sustentabilidade;2019-09-10 16:08:59.203;"ARB    ";"1         "
103;38692;4776;4564;NULL;2019-09-10 16:11:18.000;"ARB    ";"0         "
105;45050;5557;1655;NULL;2019-09-11 16:28:52.573;"197    ";"0         "
106;45049;5554;1655;NULL;2019-09-11 16:38:02.763;"197    ";"0         "
107;45051;5560;1655;NULL;2019-09-11 16:38:30.327;"197    ";"0         "
108;45054;5568;1655;NULL;2019-09-11 16:40:11.373;"197    ";"0         "
109;45057;5570;1655;Programa de Prevenção de Riscos Ambientais - PPRA;2019-09-11 16:40:11.450;"197    ";"0         "
110;45059;5580;1655;NULL;2019-09-11 16:45:44.373;"197    ";"0         "
111;45060;5585;1655;NULL;2019-09-11 16:47:09.780;"197    ";"0         "
112;45063;5596;1655;NULL;2019-09-11 16:48:35.310;"197    ";"0         "
113;52294;5619;1655;Desenvolve programas e/ou projetos de educação ambiental voltados para a comunidade externa à instalação portuária.;2019-09-11 16:55:17.610;"197    ";"1         "
114;52295;5619;1655;Mensura e divulga os resultados dos programas e/ou projetos de educação ambiental, tanto aqueles internos quanto aqueles externos.;2019-09-11 16:55:17.640;"197    ";"1         "
115;45072;5634;1655;NULL;2019-09-11 16:58:37.170;"197    ";"0         "
116;45075;5647;1655;NULL;2019-09-11 17:04:05.407;"197    ";"0         "
117;45079;5651;1655;NULL;2019-09-11 17:05:39.907;"197    ";"0         "
118;45080;5656;1655;NULL;2019-09-11 17:07:13.767;"197    ";"0         "
119;45085;5660;1655;NULL;2019-09-11 17:07:29.453;"197    ";"0         "
121;45098;5668;1655;NULL;2019-09-11 17:07:58.237;"197    ";"0         "
122;52329;5394;1655;Há inventário ou mapa de emissões, com identificação das fontes e quantificação dos gases e/ou particulados.;2019-09-12 15:40:56.977;"PET    ";"1         "
123;52330;5394;1655;Há monitoramento regular de materiais particulados.;2019-09-12 15:40:56.977;"PET    ";"1         "
124;51281;5334;1655;O gasto com pagamento de multas ambientais foi igual ou menor que no ano anterior.;2019-09-12 15:42:21.743;"POA    ";"0         "
125;52342;4653;1655;O PGRS foi aprovado pelo órgão ambiental.;2019-09-12 15:43:49.430;"RIG    ";"1         "
126;52343;4653;1655;Há promoção de campanhas periódicas para incentivar o gerenciamento de resíduos gerados pela instalação e empresas que atuam na instalação.;2019-09-12 15:43:49.447;"RIG    ";"1         "
127;52344;4653;1655;Existe norma com procedimento interno referente ao gerenciamento de resíduos gerados pelas áreas administrativa e operacional, incluindo os perigosos.;2019-09-12 15:43:49.447;"RIG    ";"1         "
128;51366;5582;1655;Adota medidas/ações/estratégias para redução do consumo de energia.;2019-09-12 15:44:58.213;"153    ";"0         "
129;52353;5652;1655;Há promoção de campanhas periódicas para incentivar o gerenciamento de resíduos gerados pela instalação e empresas que atuam na instalação.;2019-09-12 15:46:13.603;"169    ";"1         "
131;51940;5645;1655;NULL;2019-09-12 15:48:20.353;"174    ";"0         "
132;52357;5597;1655;Há dotação orçamentária específica para o Núcleo Ambiental.;2019-09-12 15:49:20.027;"180    ";"1         "
133;52358;5597;1655;É feito o acompanhamento discriminado dos custos ambientais.;2019-09-12 15:49:20.043;"180    ";"1         "
134;52359;5597;1655;O orçamento destinado à área ambiental aumentou, em proporção do orçamento total da instalação, comparado ao do ano anterior.;2019-09-12 15:49:20.057;"180    ";"1         "
135;52435;5619;1655;Mensura e divulga os resultados dos programas e/ou projetos de educação ambiental, tanto aqueles internos quanto aqueles externos.;2019-09-12 15:50:12.777;"180    ";"1         "
136;52436;5619;1655;Estabelece parcerias com escolas, universidades e/ou ONGS para as ações de educação ambiental internas e externas à instalação portuária;2019-09-12 15:50:12.793;"180    ";"1         "
137;52438;5652;1655;O PGRS foi aprovado pelo órgão ambiental.;2019-09-12 15:50:32.933;"180    ";"1         "
138;52439;5652;1655;Há promoção de campanhas periódicas para incentivar o gerenciamento de resíduos gerados pela instalação e empresas que atuam na instalação.;2019-09-12 15:50:32.950;"180    ";"1         "
139;52440;5652;1655;Existe norma com procedimento interno referente ao gerenciamento de resíduos gerados pelas áreas administrativa e operacional, incluindo os perigosos.;2019-09-12 15:50:32.963;"180    ";"1         "
141;51488;5619;1655;Desenvolve programas e/ou projetos de educação ambiental voltados para a comunidade externa à instalação portuária.;2019-09-12 15:52:24.310;"214    ";"0         "
142;51489;5619;1655;Mensura e divulga os resultados dos programas e/ou projetos de educação ambiental, tanto aqueles internos quanto aqueles externos.;2019-09-12 15:52:24.327;"214    ";"0         "
143;51490;5619;1655;Estabelece parcerias com escolas, universidades e/ou ONGS para as ações de educação ambiental internas e externas à instalação portuária;2019-09-12 15:52:24.340;"214    ";"0         "
144;51491;5619;1655;Executa de modo frequente ações de conscientização e capacitação técnica dos profissionais da instalação em temas de meio ambiente e sustentabilidade;2019-09-12 15:52:24.357;"214    ";"0         "
145;51487;5618;1655;NULL;2019-09-12 15:52:58.420;"214    ";"0         "
146;51432;5597;1655;Há dotação orçamentária específica para o Núcleo Ambiental.;2019-09-12 15:55:37.747;"234    ";"0         "
147;51433;5597;1655;É feito o acompanhamento discriminado dos custos ambientais.;2019-09-12 15:55:37.763;"234    ";"0         "
148;51437;5619;1655;Executa de modo frequente ações de conscientização e capacitação técnica dos profissionais da instalação em temas de meio ambiente e sustentabilidade;2019-09-12 15:55:50.903;"234    ";"0         "
149;51376;5581;1655;A.	A instalação portuária dispõe de instalações próprias e/ou implantou meios adequados para o recebimento e tratamento de resíduos (Res. 2.190/2011);2019-09-12 15:57:29.500;"396    ";"0         "
150;51377;5581;1655;C.	Há o controle da instalação portuária sobre a disposição final adequada.;2019-09-12 15:57:29.547;"396    ";"0         "
151;47039;5582;1655;Faz a avaliação da situação atual e define metas de redução do consumo de energia.;2019-09-12 15:57:35.623;"396    ";"0         "
152;47040;5582;1655;Adota medidas/ações/estratégias para redução do consumo de energia.;2019-09-12 15:57:35.640;"396    ";"0         "
155;51967;5645;1655;NULL;2019-09-12 16:01:42.970;"141    ";"0         "
162;52409;5619;1655;Desenvolve programas e/ou projetos de educação ambiental voltados para a comunidade externa à instalação portuária.;2019-09-12 16:07:42.783;"157    ";"1         "
163;45244;5585;1655;NULL;2019-09-12 16:09:07.300;"157    ";"0         "
164;45266;5596;1655;NULL;2019-09-12 16:09:17.957;"157    ";"0         "
166;52447;5581;1655;B.	Há destinação de algum resíduo para reciclagem.;2019-09-12 16:26:37.417;"215    ";"1         "
168;37180;5582;1655;Adota medidas/ações/estratégias para redução do consumo de energia.;2019-09-12 16:27:09.023;"215    ";"0         "
170;36058;5585;1655;NULL;2019-09-12 16:27:48.023;"215    ";"0         "
171;52427;5619;1655;Mensura e divulga os resultados dos programas e/ou projetos de educação ambiental, tanto aqueles internos quanto aqueles externos.;2019-09-12 16:29:31.557;"209    ";"1         "
172;52428;5619;1655;Estabelece parcerias com escolas, universidades e/ou ONGS para as ações de educação ambiental internas e externas à instalação portuária;2019-09-12 16:29:31.557;"209    ";"1         "
173;52429;5619;1655;Executa de modo frequente ações de conscientização e capacitação técnica dos profissionais da instalação em temas de meio ambiente e sustentabilidade;2019-09-12 16:29:31.573;"209    ";"1         "
177;38275;5656;1655;NULL;2019-09-12 16:31:11.103;"209    ";"0         "
178;52413;5582;1655;Adota medidas/ações/estratégias para redução do consumo de energia.;2019-09-12 16:31:56.870;"165    ";"1         "
179;52414;5582;1655;Acompanha sistematicamente a eficiência das ações de redução por meio de indicadores.;2019-09-12 16:31:56.887;"165    ";"1         "
180;52415;5619;1655;Desenvolve programas e/ou projetos de educação ambiental voltados para a comunidade externa à instalação portuária.;2019-09-12 16:32:08.777;"165    ";"1         "
181;52416;5619;1655;Mensura e divulga os resultados dos programas e/ou projetos de educação ambiental, tanto aqueles internos quanto aqueles externos.;2019-09-12 16:32:08.790;"165    ";"1         "
182;52417;5619;1655;Estabelece parcerias com escolas, universidades e/ou ONGS para as ações de educação ambiental internas e externas à instalação portuária;2019-09-12 16:32:08.790;"165    ";"1         "
183;52418;5619;1655;Executa de modo frequente ações de conscientização e capacitação técnica dos profissionais da instalação em temas de meio ambiente e sustentabilidade;2019-09-12 16:32:08.807;"165    ";"1         "
185;52422;5648;1655;Há medidas de mitigação da poluição por gases e particulados.;2019-09-12 16:32:53.540;"165    ";"1         "
188;52423;5652;1655;O PGRS está elaborado e implementado.;2019-09-12 16:33:19.040;"165    ";"1         "
192;39211;5646;1655;NULL;2019-09-12 16:47:22.340;"165    ";"0         "
193;39213;5656;1655;NULL;2019-09-12 16:47:38.873;"165    ";"0         "
194;44415;5585;1655;NULL;2019-09-12 17:08:37.080;"156    ";"0         "
195;44418;5596;1655;NULL;2019-09-12 17:08:49.877;"156    ";"0         "
196;52390;5619;1655;Desenvolve programas e/ou projetos de educação ambiental voltados para a comunidade externa à instalação portuária.;2019-09-12 17:09:02.297;"156    ";"1         "
197;54896;6745;95;Plano de Emergência Individual - PEI;2019-10-30 15:57:05.780;"170    ";"1         "
198;54897;6745;95;Plano de Área;2019-10-30 15:57:05.780;"170    ";"1         "
199;54898;6745;95;Plano de Controle de Emergência - PCE;2019-10-30 15:57:05.780;"170    ";"1         "
200;54899;6745;95;Plano de Ajuda Mútua - PAM;2019-10-30 15:57:05.797;"170    ";"1         "
201;54900;6745;95;Programa de Prevenção de Riscos Ambientais - PPRA;2019-10-30 15:57:05.813;"170    ";"1         "
207;58849;6790;4483;NULL;2019-12-03 08:30:13.650;"182    ";"0         "
208;58845;6794;4483;Desenvolve programas e/ou projetos de educação ambiental voltados para a comunidade externa à instalação portuária.;2019-12-03 08:30:13.743;"182    ";"1         "
210;58275;6777;2544;NULL;2019-12-05 15:48:35.773;"154    ";"0         "
219;55616;5694;4564;Plano de Emergência Individual - PEI;2019-12-16 19:08:14.473;"SSA    ";"1         "
222;58869;6028;4564;01/07/2018;2019-12-17 14:59:13.750;"SSO    ";"0         "
223;58957;6051;4564;A.	A instalação portuária dispõe de instalações próprias e/ou implantou meios adequados para o recebimento e tratamento de resíduos (Res. 2.190/2011);2019-12-17 15:14:33.073;"SSO    ";"1         "
224;58958;6051;4564;B.	Há destinação de algum resíduo para reciclagem.;2019-12-17 15:14:33.073;"SSO    ";"1         "
225;58959;6051;4564;C.	Há o controle da instalação portuária sobre a disposição final adequada.;2019-12-17 15:14:33.090;"SSO    ";"1         "
226;58960;6051;4564;D.	A instalação portuária encaminhou as informações do GISIS (Global Integrated Shipping Information System) para a ANTAQ para atualização na IMO.;2019-12-17 15:14:33.103;"SSO    ";"1         "
228;59256;6067;4564;A instalação oferece descontos para navios ou cargas menos poluentes.;2019-12-17 16:20:11.873;"SSO    ";"1         "
230;59877;6089;4564;Desenvolve programas e/ou projetos de educação ambiental voltados para a comunidade externa à instalação portuária.;2019-12-17 16:27:45.167;"SSO    ";"1         "
231;59878;6089;4564;Mensura e divulga os resultados dos programas e/ou projetos de educação ambiental, tanto aqueles internos quanto aqueles externos.;2019-12-17 16:27:45.183;"SSO    ";"1         "
232;59879;6089;4564;Estabelece parcerias com escolas, universidades e/ou ONGS para as ações de educação ambiental internas e externas à instalação portuária;2019-12-17 16:27:45.197;"SSO    ";"1         "
233;59880;6089;4564;Executa de modo frequente ações de conscientização e capacitação técnica dos profissionais da instalação em temas de meio ambiente e sustentabilidade;2019-12-17 16:27:45.230;"SSO    ";"1         "
234;53948;6742;4483;NULL;2019-12-18 15:42:33.617;"171    ";"0         "
235;56508;5824;4564;Há monitoramento regular de materiais particulados.;2020-05-20 20:48:35.010;"SSA    ";"1         "
239;57138;6078;4564;NULL;2019-12-26 17:55:47.607;"IOS    ";"0         "
243;56080;6569;4564;Há inventário ou mapa de emissões, com identificação das fontes e quantificação dos gases e/ou particulados.;2019-12-30 18:23:07.980;"PET    ";"1         "
244;56081;6569;4564;Há monitoramento regular de materiais particulados.;2020-01-09 17:15:49.453;"PET    ";"1         "
249;59005;6777;4483;NULL;2020-01-06 10:03:06.237;"197    ";"0         "
253;53304;6772;4564;É feito o acompanhamento discriminado dos custos ambientais.;2020-01-06 12:06:49.827;"131    ";"0         "
254;57393;6723;4564;153/01-12 (IPAAM);2020-01-06 12:28:29.187;"150    ";"0         "
256;57420;6736;4564;NULL;2020-01-06 12:35:53.327;"150    ";"0         "
266;55397;6463;4564;4;2020-01-09 16:43:12.233;"PET    ";"0         "
271;59069;6757;4564;Acompanha sistematicamente a eficiência das ações de redução por meio de indicadores.;2020-01-09 19:38:13.390;"188    ";"0         "
274;53680;6794;4564;Executa de modo frequente ações de conscientização e capacitação técnica dos profissionais da instalação em temas de meio ambiente e sustentabilidade;2020-01-14 19:09:45.823;"233    ";"0         "
278;56561;6745;4564;Plano de Ajuda Mútua - PAM;2020-01-15 14:32:47.677;"242    ";"0         "
280;52746;6756;4564;B.	Há destinação de algum resíduo para reciclagem.;2020-01-15 19:45:02.247;"284    ";"1         "
281;52747;6756;4564;C.	Há o controle da instalação portuária sobre a disposição final adequada.;2020-01-15 19:45:02.263;"284    ";"1         "
282;52748;6756;4564;D.	A instalação portuária encaminhou as informações do GISIS (Global Integrated Shipping Information System) para a ANTAQ para atualização na IMO.;2020-01-20 15:16:05.723;"284    ";"1         "
289;58539;6745;4564;Plano de Controle de Emergência - PCE;2020-01-16 19:21:00.700;"338    ";"0         "
291;59178;6726;4564;3;2020-01-17 12:13:35.407;"357    ";"0         "
292;59184;6745;4564;Plano de Emergência Individual - PEI;2020-01-17 12:34:17.893;"357    ";"1         "
293;59188;6745;4564;Programa de Prevenção de Riscos Ambientais - PPRA;2020-01-17 12:34:17.910;"357    ";"1         "
294;59198;6757;4564;Adota medidas/ações/estratégias para redução do consumo de energia.;2020-01-17 12:43:01.393;"357    ";"1         "
295;59215;6794;4564;Desenvolve programas e/ou projetos de educação ambiental voltados para a comunidade externa à instalação portuária.;2020-01-17 12:57:25.833;"357    ";"1         "
296;59216;6794;4564;Mensura e divulga os resultados dos programas e/ou projetos de educação ambiental, tanto aqueles internos quanto aqueles externos.;2020-01-17 12:57:25.833;"357    ";"1         "
297;59217;6794;4564;Estabelece parcerias com escolas, universidades e/ou ONGS para as ações de educação ambiental internas e externas à instalação portuária;2020-01-17 12:57:25.833;"357    ";"1         "
298;59218;6794;4564;Executa de modo frequente ações de conscientização e capacitação técnica dos profissionais da instalação em temas de meio ambiente e sustentabilidade;2020-01-17 12:57:25.850;"357    ";"1         "
299;59231;6823;4564;Há inventário ou mapa de emissões, com identificação das fontes e quantificação dos gases e/ou particulados.;2020-01-17 13:38:40.163;"357    ";"1         "
300;59232;6823;4564;Há monitoramento regular de materiais particulados.;2020-01-17 13:38:40.180;"357    ";"1         "
301;59233;6823;4564;Há monitoramento regular de gases.;2020-01-17 13:38:40.180;"357    ";"1         "
302;59234;6823;4564;Há medidas de mitigação da poluição por gases e particulados.;2020-01-17 13:38:40.180;"357    ";"1         "
303;59242;6827;4564;O PGRS está elaborado e implementado.;2020-01-17 13:52:14.053;"357    ";"1         "
304;59243;6827;4564;O PGRS foi aprovado pelo órgão ambiental.;2020-01-17 13:52:14.053;"357    ";"1         "
305;59244;6827;4564;Há promoção de campanhas periódicas para incentivar o gerenciamento de resíduos gerados pela instalação e empresas que atuam na instalação.;2020-01-17 13:52:14.070;"357    ";"1         "
306;59245;6827;4564;Existe norma com procedimento interno referente ao gerenciamento de resíduos gerados pelas áreas administrativa e operacional, incluindo os perigosos.;2020-01-17 13:52:14.070;"357    ";"1         "
313;54240;6827;4564;Existe norma com procedimento interno referente ao gerenciamento de resíduos gerados pelas áreas administrativa e operacional, incluindo os perigosos.;2020-01-20 15:09:41.003;"284    ";"0         "
315;53986;6772;4564;Há dotação orçamentária específica para o Núcleo Ambiental.;2020-01-20 15:12:21.020;"284    ";"0         "
323;53226;6772;4564;Há dotação orçamentária específica para o Núcleo Ambiental.;2020-01-29 19:22:56.847;"175    ";"1         "
324;53227;6772;4564;É feito o acompanhamento discriminado dos custos ambientais.;2020-01-29 19:22:56.927;"175    ";"1         "
326;55961;5675;4564;3;2020-01-20 17:01:16.847;"FOR    ";"0         "
328;57230;5786;4564;Mensura e divulga os resultados dos programas e/ou projetos de educação ambiental, tanto aqueles internos quanto aqueles externos.;2020-01-21 16:40:51.260;"FOR    ";"1         "
330;58263;6822;4564;NULL;2020-01-20 17:29:05.270;"150    ";"0         "
331;58260;6823;4564;Há monitoramento regular de gases.;2020-01-20 17:29:05.597;"150    ";"0         "
337;56069;5727;4564;Há dotação orçamentária específica para o Núcleo Ambiental.;2020-01-20 18:33:51.737;"FOR    ";"0         "
338;56070;5727;4564;É feito o acompanhamento discriminado dos custos ambientais.;2020-01-20 18:33:51.737;"FOR    ";"0         "
339;56071;5727;4564;O orçamento destinado à área ambiental aumentou, em proporção do orçamento total da instalação, comparado ao do ano anterior.;2020-01-20 18:33:51.737;"FOR    ";"0         "
347;57219;5824;4564;Há inventário ou mapa de emissões, com identificação das fontes e quantificação dos gases e/ou particulados.;2020-01-20 19:33:03.973;"FOR    ";"0         "
348;57220;5824;4564;Há monitoramento regular de materiais particulados.;2020-01-20 19:33:03.973;"FOR    ";"0         "
349;57221;5824;4564;Há monitoramento regular de gases.;2020-01-20 19:33:03.987;"FOR    ";"0         "
353;55966;5682;4564;01/11/2019;2020-01-21 13:59:09.573;"FOR    ";"0         "
354;57261;6723;4564;129/03-10;2020-01-21 15:09:07.153;"155    ";"0         "
355;57262;6724;4564;20/12/2019;2020-01-21 15:09:07.167;"155    ";"0         "
356;57263;6725;4564;20/12/2021;2020-01-21 15:09:07.183;"155    ";"0         "
359;57271;6726;4564;0;2020-01-21 15:15:45.640;"155    ";"0         "
361;57285;6733;4564;;2020-01-21 15:16:30.110;"155    ";"0         "
364;57291;6745;4564;Plano de Controle de Emergência - PCE;2020-01-21 15:36:27.040;"155    ";"0         "
366;57301;6756;4564;A.	A instalação portuária dispõe de instalações próprias e/ou implantou meios adequados para o recebimento e tratamento de resíduos (Res. 2.190/2011);2020-01-21 16:15:35.130;"155    ";"1         "
368;57306;6757;4564;Faz a avaliação da situação atual e define metas de redução do consumo de energia.;2020-01-21 15:48:40.840;"155    ";"0         "
371;57358;6827;4564;O PGRS está elaborado e implementado.;2020-01-21 15:55:38.687;"155    ";"0         "
373;57303;6756;4564;C.	Há o controle da instalação portuária sobre a disposição final adequada.;2020-01-21 16:15:35.147;"155    ";"1         "
387;57305;6753;4564;NULL;2020-01-22 11:48:57.630;"155    ";"0         "
396;55937;6509;4564;Há dotação orçamentária específica para o Núcleo Ambiental.;2020-01-22 11:55:03.427;"PET    ";"0         "
399;53661;6757;4564;Faz a avaliação da situação atual e define metas de redução do consumo de energia.;2020-01-23 17:23:43.357;"233    ";"0         "
400;53662;6757;4564;Adota medidas/ações/estratégias para redução do consumo de energia.;2020-01-23 17:23:43.357;"233    ";"0         "
403;53651;6745;4564;Plano de Controle de Emergência - PCE;2020-01-23 18:20:49.150;"233    ";"0         "
404;53652;6745;4564;Plano de Ajuda Mútua - PAM;2020-01-23 18:20:49.167;"233    ";"0         "
406;53696;6827;4564;Existe norma com procedimento interno referente ao gerenciamento de resíduos gerados pelas áreas administrativa e operacional, incluindo os perigosos.;2020-01-23 18:34:58.577;"233    ";"0         "
408;53678;6794;4564;Mensura e divulga os resultados dos programas e/ou projetos de educação ambiental, tanto aqueles internos quanto aqueles externos.;2020-01-23 18:40:28.040;"233    ";"0         "
414;59199;6757;4564;Acompanha sistematicamente a eficiência das ações de redução por meio de indicadores.;2020-01-24 17:58:06.377;"357    ";"1         "
416;59204;6772;4564;O gasto com pagamento de multas ambientais foi igual ou menor que no ano anterior.;2020-01-24 18:00:56.040;"357    ";"1         "
417;59205;6772;4564;Há dotação orçamentária específica para o Núcleo Ambiental.;2020-01-24 18:00:56.053;"357    ";"1         "
418;59206;6772;4564;É feito o acompanhamento discriminado dos custos ambientais.;2020-01-24 18:00:56.053;"357    ";"1         "
422;59671;6745;4564;Plano de Controle de Emergência - PCE;2020-01-27 14:11:48.427;"169    ";"0         "
438;60841;6833;4564;NULL;2020-01-29 17:33:16.687;"285    ";"0         "
442;52890;6745;4564;Plano de Controle de Emergência - PCE;2020-01-29 19:22:00.847;"175    ";"0         "
443;53232;6769;4564;NULL;2020-01-29 19:22:56.830;"175    ";"0         "
445;53242;6801;4564;NULL;2020-01-29 19:35:02.897;"175    ";"0         "
446;53741;6799;4564;NULL;2020-01-29 20:03:16.293;"275    ";"0         "
449;53488;6757;4564;Faz a avaliação da situação atual e define metas de redução do consumo de energia.;2020-01-29 20:12:45.670;"275    ";"0         "
451;53478;6745;4564;Plano de Controle de Emergência - PCE;2020-01-29 20:12:59.357;"275    ";"0         "
460;60408;6723;4564;133511 (em renov.);2020-01-30 17:29:12.330;"192    ";"0         "
463;60439;6757;4564;Faz a avaliação da situação atual e define metas de redução do consumo de energia.;2020-01-30 17:42:48.797;"192    ";"0         "
464;60441;6757;4564;Acompanha sistematicamente a eficiência das ações de redução por meio de indicadores.;2020-01-30 17:42:48.797;"192    ";"0         "
466;60638;6783;4564;NULL;2020-01-30 17:45:28.233;"192    ";"0         "
467;60471;6780;4564;NULL;2020-01-30 17:46:46.610;"192    ";"0         "
469;60479;6788;4564;NULL;2020-01-30 17:51:10.170;"192    ";"0         "
473;56065;5712;4564;Faz a avaliação da situação atual e define metas de redução do consumo de energia.;2020-01-31 16:25:59.500;"FOR    ";"0         "
474;56067;5712;4564;Acompanha sistematicamente a eficiência das ações de redução por meio de indicadores.;2020-01-31 16:25:59.513;"FOR    ";"0         "
479;60544;6823;4564;Há monitoramento regular de gases.;2020-01-31 17:09:50.907;"167    ";"0         "
482;54249;6733;4564;;2020-01-31 18:08:12.763;"212    ";"0         "
484;55730;5711;71;A instalação promove capacitação periódica para os agentes portuários direta ou indiretamente envolvidos com a movimentação de cargas perigosas.;2020-02-02 16:46:07.910;"NAT    ";"1         "
485;55731;5711;71;As cargas perigosas em terminais, pátios e armazéns, são devidamente segredadas, incluindo áreas específicas para disposição de contêineres avariados;2020-02-02 16:46:07.910;"NAT    ";"1         "
486;55732;5711;71;Há sinalização vertical e horizontal nas áreas de circulação interna, de armazenagem e manuseio de produtos.;2020-02-02 16:46:07.923;"NAT    ";"1         "
487;55733;5711;71;Há Programa de Gerenciamento de Riscos estabelecendo condições para o transporte, manuseio e armazenamento de produtos perigosos.;2020-02-02 16:46:07.923;"NAT    ";"1         "
490;59030;6726;4564;4;2020-02-03 17:08:17.917;"285    ";"0         "
492;60796;6733;4564;;2020-02-03 17:27:59.883;"285    ";"0         "
502;59052;6733;4564;01/10/2019;2020-03-02 18:13:59.403;"188    ";"0         "
504;59085;6794;4564;Mensura e divulga os resultados dos programas e/ou projetos de educação ambiental, tanto aqueles internos quanto aqueles externos.;2020-03-02 18:26:57.277;"188    ";"1         "
505;59088;6791;4564;NULL;2020-03-02 18:29:05.607;"188    ";"0         "
510;59102;6827;4564;Há promoção de campanhas periódicas para incentivar o gerenciamento de resíduos gerados pela instalação e empresas que atuam na instalação.;2020-03-02 18:49:13.200;"188    ";"1         "
511;59103;6827;4564;Existe norma com procedimento interno referente ao gerenciamento de resíduos gerados pelas áreas administrativa e operacional, incluindo os perigosos.;2020-03-02 18:49:13.217;"188    ";"1         "
513;58494;6726;4564;;2020-03-03 12:36:05.597;"338    ";"0         "
515;58546;6756;4564;A.	A instalação portuária dispõe de instalações próprias e/ou implantou meios adequados para o recebimento e tratamento de resíduos (Res. 2.190/2011);2020-03-03 12:49:37.047;"338    ";"0         "
516;58548;6756;4564;C.	Há o controle da instalação portuária sobre a disposição final adequada.;2020-03-03 12:49:37.060;"338    ";"0         "
518;58593;6827;4564;Existe norma com procedimento interno referente ao gerenciamento de resíduos gerados pelas áreas administrativa e operacional, incluindo os perigosos.;2020-05-22 23:17:56.603;"338    ";"0         "
521;54691;6745;4564;Plano de Controle de Emergência - PCE;2020-03-05 19:55:27.390;"228    ";"0         "
551;52636;6027;71;NULL;2020-04-11 11:19:02.483;"CDO    ";"0         "
552;52792;6065;71;NULL;2020-04-11 11:42:17.457;"CDO    ";"0         "
553;52787;6067;71;Há dotação orçamentária específica para o Núcleo Ambiental.;2020-04-11 11:42:17.487;"CDO    ";"0         "
554;53192;6083;71;NULL;2020-04-11 11:45:43.800;"CDO    ";"0         "
555;53216;6098;71;NULL;2020-04-11 11:48:27.503;"CDO    ";"0         "
556;53214;6100;71;O Plano de Contingência está atualizado.;2020-04-11 11:48:27.537;"CDO    ";"0         "
559;60288;6006;4442;NULL;2020-04-13 11:46:33.323;"REC    ";"0         "
562;52805;5705;95;A.	A instalação portuária dispõe de instalações próprias e/ou implantou meios adequados para o recebimento e tratamento de resíduos (Res. 2.190/2011);2020-05-15 17:37:55.317;"PVH    ";"0         "
568;55219;5793;179;NULL;2020-05-01 12:25:34.543;"PNG    ";"0         "
569;54499;5797;179;O Plano de Contingência está atualizado.;2020-05-01 12:25:34.590;"PNG    ";"0         "
571;54398;5786;95;Estabelece parcerias com escolas, universidades e/ou ONGS para as ações de educação ambiental internas e externas à instalação portuária;2020-05-04 18:05:24.430;"PVH    ";"0         "
574;60560;5729;4483;NULL;2020-05-08 12:23:15.180;"SFS    ";"0         "
575;56167;6732;4483;NULL;2020-05-08 13:52:41.290;"181    ";"0         "
576;56137;6755;4483;NULL;2020-05-08 13:54:18.197;"181    ";"0         "
577;56106;6756;4483;A.	A instalação portuária dispõe de instalações próprias e/ou implantou meios adequados para o recebimento e tratamento de resíduos (Res. 2.190/2011);2020-05-08 13:54:18.213;"181    ";"0         "
578;56120;6760;4483;NULL;2020-05-08 13:55:40.697;"181    ";"0         "
579;56113;6757;4483;Adota medidas/ações/estratégias para redução do consumo de energia.;2020-05-08 13:55:40.713;"181    ";"0         "
580;56114;6757;4483;Acompanha sistematicamente a eficiência das ações de redução por meio de indicadores.;2020-05-08 13:55:40.730;"181    ";"0         "
581;56218;6822;4483;NULL;2020-05-08 13:56:16.180;"181    ";"0         "
582;56214;6823;4483;Há inventário ou mapa de emissões, com identificação das fontes e quantificação dos gases e/ou particulados.;2020-05-08 13:56:16.197;"181    ";"0         "
583;56216;6823;4483;Há monitoramento regular de gases.;2020-05-08 13:56:16.213;"181    ";"0         "
584;56217;6823;4483;Há medidas de mitigação da poluição por gases e particulados.;2020-05-08 13:56:16.230;"181    ";"0         "
585;56219;6826;4483;NULL;2020-05-08 13:56:31.870;"181    ";"0         "
586;53505;6729;4483;NULL;2020-05-08 15:47:52.990;"245    ";"0         "
587;53506;6732;4483;NULL;2020-05-08 15:48:10.443;"245    ";"0         "
588;52993;6797;4483;NULL;2020-05-08 16:59:20.590;"249    ";"0         "
589;54624;6825;4483;NULL;2020-05-08 19:00:46.030;"177    ";"0         "
590;56709;6812;71;NULL;2020-05-09 12:11:52.563;"234    ";"0         "
591;56715;6822;71;NULL;2020-05-09 12:12:29.110;"234    ";"0         "
592;56721;6831;71;NULL;2020-05-09 12:13:28.483;"234    ";"0         "
593;56718;6827;71;O PGRS foi aprovado pelo órgão ambiental.;2020-05-09 12:13:28.500;"234    ";"0         "
594;56719;6827;71;Há promoção de campanhas periódicas para incentivar o gerenciamento de resíduos gerados pela instalação e empresas que atuam na instalação.;2020-05-09 12:13:28.517;"234    ";"0         "
595;56720;6827;71;Existe norma com procedimento interno referente ao gerenciamento de resíduos gerados pelas áreas administrativa e operacional, incluindo os perigosos.;2020-05-09 12:13:28.530;"234    ";"0         "
596;58710;6812;4483;NULL;2020-05-09 16:03:40.073;"236    ";"0         "
597;60932;6735;71;NULL;2020-05-09 17:18:31.827;"396    ";"0         "
598;58507;6822;71;NULL;2020-05-10 12:52:31.807;"220    ";"0         "
601;54462;6760;71;NULL;2020-05-10 12:55:02.980;"220    ";"0         "
602;54436;6771;71;NULL;2020-05-10 12:55:53.183;"220    ";"0         "
603;54543;6793;71;NULL;2020-05-10 12:57:38.400;"220    ";"0         "
606;55356;6615;71;Plano de Área;2020-05-12 12:04:58.793;"FNO    ";"0         "
607;55357;6615;71;Plano de Controle de Emergência - PCE;2020-05-12 12:04:58.810;"FNO    ";"0         "
608;55358;6615;71;Plano de Ajuda Mútua - PAM;2020-05-12 12:04:58.827;"FNO    ";"0         "
609;55359;6615;71;Programa de Prevenção de Riscos Ambientais - PPRA;2020-05-12 12:04:58.827;"FNO    ";"0         "
611;55407;6626;71;A.	A instalação portuária dispõe de instalações próprias e/ou implantou meios adequados para o recebimento e tratamento de resíduos (Res. 2.190/2011);2020-05-12 12:06:21.530;"FNO    ";"0         "
612;55409;6626;71;B.	Há destinação de algum resíduo para reciclagem.;2020-05-12 12:06:21.543;"FNO    ";"0         "
613;55410;6626;71;C.	Há o controle da instalação portuária sobre a disposição final adequada.;2020-05-12 12:06:21.560;"FNO    ";"0         "
615;55515;6627;71;Faz a avaliação da situação atual e define metas de redução do consumo de energia.;2020-05-12 12:07:00.373;"FNO    ";"0         "
616;55516;6627;71;Adota medidas/ações/estratégias para redução do consumo de energia.;2020-05-12 12:07:00.450;"FNO    ";"0         "
617;55517;6627;71;Acompanha sistematicamente a eficiência das ações de redução por meio de indicadores.;2020-05-12 12:07:00.543;"FNO    ";"0         "
624;55611;6664;71;Desenvolve programas e/ou projetos de educação ambiental voltados para a comunidade externa à instalação portuária.;2020-05-12 12:11:15.670;"FNO    ";"0         "
625;55612;6664;71;Mensura e divulga os resultados dos programas e/ou projetos de educação ambiental, tanto aqueles internos quanto aqueles externos.;2020-05-12 12:11:15.857;"FNO    ";"0         "
626;55613;6664;71;Estabelece parcerias com escolas, universidades e/ou ONGS para as ações de educação ambiental internas e externas à instalação portuária;2020-05-12 12:11:15.937;"FNO    ";"0         "
627;55614;6664;71;Executa de modo frequente ações de conscientização e capacitação técnica dos profissionais da instalação em temas de meio ambiente e sustentabilidade;2020-05-12 12:11:15.950;"FNO    ";"0         "
629;55657;6699;71;Há monitoramento regular de materiais particulados.;2020-05-12 12:33:02.173;"FNO    ";"0         "
631;55674;6703;71;O PGRS foi aprovado pelo órgão ambiental.;2020-05-12 12:34:46.907;"FNO    ";"0         "
632;55675;6703;71;Há promoção de campanhas periódicas para incentivar o gerenciamento de resíduos gerados pela instalação e empresas que atuam na instalação.;2020-05-12 12:34:46.937;"FNO    ";"0         "
633;55676;6703;71;Existe norma com procedimento interno referente ao gerenciamento de resíduos gerados pelas áreas administrativa e operacional, incluindo os perigosos.;2020-05-12 12:34:46.953;"FNO    ";"0         "
635;59961;6733;179;16/10/201;2020-05-13 16:47:50.733;"186    ";"0         "
636;59962;6734;95;NULL;2020-05-13 17:02:26.920;"186    ";"0         "
637;61357;6745;95;Plano de Controle de Emergência - PCE;2020-05-13 17:09:56.213;"186    ";"1         "
638;61359;6745;95;Programa de Prevenção de Riscos Ambientais - PPRA;2020-05-13 17:09:56.230;"186    ";"1         "
640;60078;6826;95;NULL;2020-05-13 17:59:49.573;"186    ";"0         "
641;54932;6731;4483;NULL;2020-05-13 19:03:56.753;"145    ";"0         "
642;54990;6741;4483;NULL;2020-05-13 19:04:52.830;"145    ";"0         "
643;54945;6745;4483;Programa de Prevenção de Riscos Ambientais - PPRA;2020-05-13 19:04:52.863;"145    ";"0         "
644;55271;6802;4483;NULL;2020-05-13 19:05:13.893;"145    ";"0         "
645;57665;6731;4483;NULL;2020-05-13 19:33:38.033;"231    ";"0         "
646;57895;6720;95;NULL;2020-05-14 08:53:49.230;"201    ";"0         "
647;52761;5678;95;NULL;2020-05-15 17:34:09.283;"PVH    ";"0         "
648;52798;5688;95;NULL;2020-05-15 17:35:45.643;"PVH    ";"0         "
649;52809;5704;95;NULL;2020-05-15 17:37:55.300;"PVH    ";"0         "
650;52807;5705;95;C.	Há o controle da instalação portuária sobre a disposição final adequada.;2020-05-15 17:37:55.330;"PVH    ";"0         "
651;52814;5706;95;NULL;2020-05-15 17:38:15.817;"PVH    ";"0         "
652;53605;5715;95;NULL;2020-05-15 17:39:11.237;"PVH    ";"0         "
653;52815;5712;95;Faz a avaliação da situação atual e define metas de redução do consumo de energia.;2020-05-15 17:39:11.270;"PVH    ";"0         "
654;55972;5738;95;NULL;2020-05-15 17:40:57.457;"PVH    ";"0         "
656;54400;5780;95;NULL;2020-05-15 17:41:45.723;"PVH    ";"0         "
658;54397;5786;95;Mensura e divulga os resultados dos programas e/ou projetos de educação ambiental, tanto aqueles internos quanto aqueles externos.;2020-05-15 17:42:46.473;"PVH    ";"0         "
659;55964;5784;95;NULL;2020-05-15 17:45:31.160;"PVH    ";"0         "
661;53625;5839;95;NULL;2020-05-15 17:48:06.677;"PVH    ";"0         "
662;57058;5678;95;NULL;2020-05-15 18:12:01.753;"MCP    ";"0         "
663;57089;5706;95;NULL;2020-05-15 18:13:53.020;"MCP    ";"0         "
664;59721;5827;95;NULL;2020-05-15 20:01:13.707;"MCP    ";"0         "
665;59581;5877;4483;NULL;2020-05-16 11:14:16.453;"ADR    ";"0         "
666;59580;5881;4483;D.	A instalação portuária encaminhou as informações do GISIS (Global Integrated Shipping Information System) para a ANTAQ para atualização na IMO.;2020-05-16 11:14:16.500;"ADR    ";"0         "
667;59941;5907;4483;NULL;2020-05-16 11:15:29.080;"ADR    ";"0         "
668;59626;5996;4483;NULL;2020-05-16 11:16:33.487;"ADR    ";"0         "
669;59634;6005;4483;NULL;2020-05-16 11:17:29.000;"ADR    ";"0         "
670;59929;6013;4483;NULL;2020-05-16 11:18:04.860;"ADR    ";"0         "
671;59142;5707;4483;NULL;2020-05-16 15:31:48.873;"IGI    ";"0         "
672;59938;5737;4483;NULL;2020-05-16 15:32:18.140;"IGI    ";"0         "
673;59945;5806;4483;NULL;2020-05-16 15:32:46.063;"IGI    ";"0         "
674;59482;5831;4483;NULL;2020-05-16 15:35:03.047;"IGI    ";"0         "
675;59337;5828;4483;O PGRS está elaborado e implementado.;2020-05-16 15:35:03.063;"IGI    ";"0         "
676;59484;5843;4483;NULL;2020-05-16 15:36:01.033;"IGI    ";"0         "
677;59503;6180;4483;NULL;2020-05-16 15:41:44.050;"NTR    ";"0         "
678;59508;6186;4483;NULL;2020-05-16 15:42:51.300;"NTR    ";"0         "
679;59507;6190;4483;Há Programa de Gerenciamento de Riscos estabelecendo condições para o transporte, manuseio e armazenamento de produtos perigosos.;2020-05-16 15:42:51.330;"NTR    ";"0         "
680;59939;6216;4483;NULL;2020-05-16 15:43:10.690;"NTR    ";"0         "
681;59558;6319;4483;NULL;2020-05-16 15:43:34.363;"NTR    ";"0         "
682;59280;5701;4483;NULL;2020-05-16 15:49:29.317;"RIO    ";"0         "
683;56889;5707;4483;NULL;2020-05-16 15:50:21.880;"RIO    ";"0         "
684;56244;5711;4483;Há Programa de Gerenciamento de Riscos estabelecendo condições para o transporte, manuseio e armazenamento de produtos perigosos.;2020-05-16 15:50:21.910;"RIO    ";"0         "
685;59936;5737;4483;NULL;2020-05-16 15:51:07.050;"RIO    ";"0         "
687;59329;5843;4483;NULL;2020-05-16 15:53:05.927;"RIO    ";"0         "
688;59137;5831;4483;NULL;2020-05-16 15:53:43.520;"RIO    ";"0         "
693;52703;6794;4483;Mensura e divulga os resultados dos programas e/ou projetos de educação ambiental, tanto aqueles internos quanto aqueles externos.;2020-05-16 16:07:39.040;"134    ";"0         "
694;52705;6794;4483;Executa de modo frequente ações de conscientização e capacitação técnica dos profissionais da instalação em temas de meio ambiente e sustentabilidade;2020-05-16 16:07:39.040;"134    ";"0         "
697;52721;6827;4483;Há promoção de campanhas periódicas para incentivar o gerenciamento de resíduos gerados pela instalação e empresas que atuam na instalação.;2020-05-16 16:09:16.133;"134    ";"0         "
698;58370;6731;4483;NULL;2020-05-16 16:16:44.073;"203    ";"0         "
699;58387;6752;4483;NULL;2020-05-16 16:17:05.400;"203    ";"0         "
700;58406;6782;4483;NULL;2020-05-16 16:17:27.963;"203    ";"0         "
701;58415;6796;4483;NULL;2020-05-16 16:17:48.540;"203    ";"0         "
702;58437;6825;4483;NULL;2020-05-16 16:18:05.133;"203    ";"0         "
703;58442;6829;4483;NULL;2020-05-16 16:18:32.540;"203    ";"0         "
704;58440;6827;4483;Há promoção de campanhas periódicas para incentivar o gerenciamento de resíduos gerados pela instalação e empresas que atuam na instalação.;2020-05-16 16:18:32.587;"203    ";"0         "
705;52553;6731;4483;NULL;2020-05-16 16:22:28.793;"235    ";"0         "
706;52654;6777;4483;NULL;2020-05-16 16:24:06.480;"235    ";"0         "
707;52653;6780;4483;NULL;2020-05-16 16:24:35.090;"235    ";"0         "
708;52588;6782;4483;NULL;2020-05-16 16:25:10.167;"235    ";"0         "
709;52652;6792;4483;NULL;2020-05-16 16:26:04.590;"235    ";"0         "
710;52592;6794;4483;Mensura e divulga os resultados dos programas e/ou projetos de educação ambiental, tanto aqueles internos quanto aqueles externos.;2020-05-16 16:26:04.620;"235    ";"0         "
711;52596;6796;4483;NULL;2020-05-16 16:26:39.027;"235    ";"0         "
712;52706;6819;4483;NULL;2020-05-16 16:27:27.277;"235    ";"0         "
713;57583;6738;4483;NULL;2020-05-16 16:32:11.527;"237    ";"0         "
714;58212;6765;4483;NULL;2020-05-16 16:34:24.527;"237    ";"0         "
715;59883;6779;4483;NULL;2020-05-16 16:35:37.810;"237    ";"0         "
716;59884;6782;4483;NULL;2020-05-16 16:36:22.293;"237    ";"0         "
717;60024;6807;4483;NULL;2020-05-16 16:38:01.653;"237    ";"0         "
718;60041;6835;4483;NULL;2020-05-16 16:39:00.810;"237    ";"0         "
719;55779;6739;4483;NULL;2020-05-16 16:44:58.967;"158    ";"0         "
720;55786;6743;4483;NULL;2020-05-16 16:45:42.793;"158    ";"0         "
721;55809;6759;4483;NULL;2020-05-16 16:47:01.060;"158    ";"0         "
722;55802;6757;4483;Acompanha sistematicamente a eficiência das ações de redução por meio de indicadores.;2020-05-16 16:47:01.090;"158    ";"0         "
723;55833;6780;4483;NULL;2020-05-16 16:47:45.840;"158    ";"0         "
724;55835;6783;4483;NULL;2020-05-16 16:48:10.280;"158    ";"0         "
725;55862;6797;4483;NULL;2020-05-16 16:49:31.200;"158    ";"0         "
726;55863;6802;4483;NULL;2020-05-16 16:50:14.467;"158    ";"0         "
727;56051;6822;4483;NULL;2020-05-16 16:52:14.873;"158    ";"0         "
728;55871;6826;4483;NULL;2020-05-16 16:52:41.297;"158    ";"0         "
729;55739;6729;4483;NULL;2020-05-16 16:56:24.593;"171    ";"0         "
730;54021;6796;4483;NULL;2020-05-16 16:59:52.187;"171    ";"0         "
731;54022;6801;4483;NULL;2020-05-16 17:00:30.547;"171    ";"0         "
732;54023;6807;4483;NULL;2020-05-16 17:00:56.640;"171    ";"0         "
733;58970;6731;4483;NULL;2020-05-16 17:04:51.827;"197    ";"0         "
734;59032;6801;4483;NULL;2020-05-16 17:06:59.500;"197    ";"0         "
735;59033;6807;4483;NULL;2020-05-16 17:07:27.250;"197    ";"0         "
736;58927;6722;71;NULL;2020-05-19 13:06:02.890;"214    ";"0         "
737;59299;6732;71;NULL;2020-05-19 13:07:22.890;"214    ";"0         "
738;59301;6736;71;NULL;2020-05-19 13:08:08.123;"214    ";"0         "
739;59308;6744;71;NULL;2020-05-19 13:09:34.360;"214    ";"0         "
740;59305;6745;71;Plano de Controle de Emergência - PCE;2020-05-19 13:09:34.373;"214    ";"0         "
741;59307;6745;71;Programa de Prevenção de Riscos Ambientais - PPRA;2020-05-19 13:09:34.390;"214    ";"0         "
742;59319;6760;71;NULL;2020-05-19 13:12:24.783;"214    ";"0         "
743;59315;6757;71;Faz a avaliação da situação atual e define metas de redução do consumo de energia.;2020-05-19 13:12:24.797;"214    ";"0         "
744;59316;6757;71;Adota medidas/ações/estratégias para redução do consumo de energia.;2020-05-19 13:12:24.813;"214    ";"0         "
745;59449;6766;71;NULL;2020-05-19 13:13:05.330;"214    ";"0         "
746;59459;6783;71;NULL;2020-05-19 13:18:00.190;"214    ";"0         "
747;59460;6785;71;NULL;2020-05-19 13:18:59.427;"214    ";"0         "
748;59461;6793;71;NULL;2020-05-19 13:20:07.770;"214    ";"0         "
749;58922;6794;71;Desenvolve programas e/ou projetos de educação ambiental voltados para a comunidade externa à instalação portuária.;2020-05-19 13:20:07.817;"214    ";"0         "
750;58923;6794;71;Mensura e divulga os resultados dos programas e/ou projetos de educação ambiental, tanto aqueles internos quanto aqueles externos.;2020-05-19 13:20:07.833;"214    ";"0         "
751;58924;6794;71;Estabelece parcerias com escolas, universidades e/ou ONGS para as ações de educação ambiental internas e externas à instalação portuária;2020-05-19 13:20:07.847;"214    ";"0         "
752;58925;6794;71;Executa de modo frequente ações de conscientização e capacitação técnica dos profissionais da instalação em temas de meio ambiente e sustentabilidade;2020-05-19 13:20:07.863;"214    ";"0         "
753;59463;6804;71;NULL;2020-05-19 13:23:20.833;"214    ";"0         "
754;59471;6822;71;NULL;2020-05-19 13:25:31.943;"214    ";"0         "
755;59469;6823;71;Há monitoramento regular de gases.;2020-05-19 13:25:31.960;"214    ";"0         "
756;59470;6823;71;Há medidas de mitigação da poluição por gases e particulados.;2020-05-19 13:25:31.973;"214    ";"0         "
757;59478;6835;71;NULL;2020-05-19 13:27:39.350;"214    ";"0         "
758;59479;6840;71;NULL;2020-05-19 13:28:43.007;"214    ";"0         "
760;57914;6823;95;Há inventário ou mapa de emissões, com identificação das fontes e quantificação dos gases e/ou particulados.;2020-05-19 18:23:44.187;"576    ";"0         "
761;57915;6823;95;Há monitoramento regular de materiais particulados.;2020-05-19 18:23:44.200;"576    ";"0         "
762;57916;6823;95;Há monitoramento regular de gases.;2020-05-19 18:23:44.200;"576    ";"0         "
763;57917;6823;95;Há medidas de mitigação da poluição por gases e particulados.;2020-05-19 18:23:44.200;"576    ";"0         "
771;55990;5727;71;O orçamento destinado à área ambiental aumentou, em proporção do orçamento total da instalação, comparado ao do ano anterior.;2020-05-20 11:26:47.460;"IBB    ";"0         "
772;54850;5678;71;NULL;2020-05-20 15:50:10.160;"IBB    ";"0         "
773;54851;5681;71;NULL;2020-05-20 15:50:56.173;"IBB    ";"0         "
774;55723;5691;71;NULL;2020-05-20 15:55:59.297;"IBB    ";"0         "
775;55722;5694;71;Programa de Prevenção de Riscos Ambientais - PPRA;2020-05-20 15:55:59.530;"IBB    ";"0         "
776;55994;5723;71;NULL;2020-05-20 15:58:39.717;"IBB    ";"0         "
777;53091;5908;4564;NULL;2020-05-20 19:52:43.367;"ARB    ";"0         "
779;55754;5690;4564;NULL;2020-05-20 20:36:10.320;"SSA    ";"0         "
780;56451;5738;4564;NULL;2020-05-20 20:36:54.603;"SSA    ";"0         "
781;56514;5819;4564;NULL;2020-05-20 20:48:34.963;"SSA    ";"0         "
782;56509;5824;4564;Há monitoramento regular de gases.;2020-05-20 20:48:35.057;"SSA    ";"1         "
785;59262;6062;4564;NULL;2020-05-20 20:57:35.807;"SSO    ";"0         "
786;55687;6464;4564;NULL;2020-05-20 20:59:33.557;"PET    ";"0         "
787;55688;6469;4564;NULL;2020-05-20 21:00:13.713;"PET    ";"0         "
788;57287;6508;4564;NULL;2020-05-20 21:01:02.867;"PET    ";"0         "
789;56136;6566;4564;NULL;2020-05-20 21:01:39.697;"PET    ";"0         "
790;56079;6571;4564;NULL;2020-05-20 21:02:10.760;"PET    ";"0         "
806;56185;5844;4564;NULL;2020-05-20 21:57:53.883;"FOR    ";"0         "
807;60699;5692;71;NULL;2020-05-21 16:16:01.497;"NAT    ";"0         "
808;60696;5694;71;Programa de Prevenção de Riscos Ambientais - PPRA;2020-05-21 16:16:01.530;"NAT    ";"0         "
809;60706;5704;71;NULL;2020-05-21 16:18:39.670;"NAT    ";"0         "
810;60712;5709;71;NULL;2020-05-21 16:20:40.500;"NAT    ";"0         "
811;60716;5715;71;NULL;2020-05-21 16:21:48.343;"NAT    ";"0         "
812;60725;5726;71;NULL;2020-05-21 16:23:56.860;"NAT    ";"0         "
813;60720;5727;71;Há dotação orçamentária específica para o Núcleo Ambiental.;2020-05-21 16:23:56.873;"NAT    ";"0         "
814;60721;5727;71;É feito o acompanhamento discriminado dos custos ambientais.;2020-05-21 16:23:56.873;"NAT    ";"0         "
815;60728;5735;71;NULL;2020-05-21 16:25:23.080;"NAT    ";"0         "
816;60729;5738;71;NULL;2020-05-21 16:27:43.047;"NAT    ";"0         "
817;60730;5743;71;NULL;2020-05-21 16:28:36.953;"NAT    ";"0         "
818;60746;5775;71;NULL;2020-05-21 16:35:51.910;"NAT    ";"0         "
819;60752;5785;71;NULL;2020-05-21 16:38:10.677;"NAT    ";"0         "
820;60759;5802;71;NULL;2020-05-21 16:40:58.770;"NAT    ";"0         "
821;60768;5822;71;NULL;2020-05-21 16:45:28.383;"NAT    ";"0         "
822;60764;5824;71;Há inventário ou mapa de emissões, com identificação das fontes e quantificação dos gases e/ou particulados.;2020-05-21 16:45:28.413;"NAT    ";"0         "
823;60777;5844;71;NULL;2020-05-21 16:59:17.310;"NAT    ";"0         "
827;52904;6833;4564;NULL;2020-05-21 18:57:22.487;"131    ";"0         "
828;54394;5775;95;NULL;2020-05-22 11:10:12.287;"PVH    ";"0         "
829;55090;5802;95;NULL;2020-05-22 11:16:50.910;"PVH    ";"0         "
831;58142;6755;4564;NULL;2020-05-22 20:38:45.913;"150    ";"0         "
833;60203;6823;4564;Há monitoramento regular de gases.;2020-05-22 20:44:07.367;"152    ";"0         "
835;60519;6783;4564;NULL;2020-05-22 20:49:32.027;"167    ";"0         "
838;60171;6783;4564;NULL;2020-05-22 20:53:33.213;"152    ";"0         "
842;60247;6842;4564;NULL;2020-05-22 20:55:33.263;"152    ";"0         "
843;57283;6729;4564;NULL;2020-05-22 20:58:23.387;"155    ";"0         "
844;57284;6732;4564;NULL;2020-05-22 20:58:34.373;"155    ";"0         "
845;57286;6736;4564;NULL;2020-05-22 20:58:45.480;"155    ";"0         "
846;57288;6739;4564;NULL;2020-05-22 20:58:56.980;"155    ";"0         "
847;57295;6743;4564;NULL;2020-05-22 20:59:16.747;"155    ";"0         "
848;57309;6759;4564;NULL;2020-05-22 20:59:51.043;"155    ";"0         "
849;57346;6793;4564;NULL;2020-05-22 21:01:20.420;"155    ";"0         "
850;57348;6804;4564;NULL;2020-05-22 21:01:36.577;"155    ";"0         "
851;57349;6809;4564;NULL;2020-05-22 21:01:54.937;"155    ";"0         "
852;53246;6743;4564;NULL;2020-05-22 21:04:17.700;"175    ";"0         "
853;52893;6749;4564;NULL;2020-05-22 21:04:30.890;"175    ";"0         "
854;53220;6753;4564;NULL;2020-05-22 21:04:56.623;"175    ";"0         "
855;53245;6814;4564;NULL;2020-05-22 21:07:58.983;"175    ";"0         "
856;53259;6835;4564;NULL;2020-05-22 21:08:13.953;"175    ";"0         "
857;53260;6840;4564;NULL;2020-05-22 21:08:35.610;"175    ";"0         "
859;59070;6760;4564;NULL;2020-05-22 21:12:08.640;"188    ";"0         "
860;59089;6798;4564;NULL;2020-05-22 21:13:54.297;"188    ";"0         "
861;59093;6813;4564;NULL;2020-05-22 21:14:19.080;"188    ";"0         "
862;59104;6828;4564;NULL;2020-05-22 21:14:41.220;"188    ";"0         "
863;59118;6840;4564;NULL;2020-05-22 21:16:10.453;"188    ";"0         "
864;60414;6732;4564;NULL;2020-05-22 21:18:33.893;"192    ";"0         "
865;60422;6745;4564;Programa de Prevenção de Riscos Ambientais - PPRA;2020-05-22 21:19:32.347;"192    ";"0         "
866;60443;6760;4564;NULL;2020-05-22 21:20:12.703;"192    ";"0         "
867;60489;6796;4564;NULL;2020-05-22 21:20:44.767;"192    ";"0         "
868;60490;6804;4564;NULL;2020-05-22 21:21:35.313;"192    ";"0         "
869;54250;6736;4564;NULL;2020-05-22 21:23:29.190;"212    ";"0         "
870;57322;6760;4564;NULL;2020-05-22 21:24:00.440;"212    ";"0         "
871;54764;6741;4564;NULL;2020-05-22 22:15:58.723;"228    ";"0         "
872;54808;6766;4564;NULL;2020-05-22 22:16:29.177;"228    ";"0         "
873;54876;6810;4564;NULL;2020-05-22 22:17:15.130;"228    ";"0         "
874;53644;6729;4564;NULL;2020-05-22 22:20:27.960;"233    ";"0         "
875;53654;6742;4564;NULL;2020-05-22 22:20:45.833;"233    ";"0         "
876;59408;6760;4564;NULL;2020-05-22 22:22:19.803;"233    ";"0         "
877;59410;6793;4564;NULL;2020-05-22 22:22:56.037;"233    ";"0         "
878;53697;6829;4564;NULL;2020-05-22 22:23:39.083;"233    ";"0         "
879;56473;6728;4564;NULL;2020-05-22 22:28:50.053;"242    ";"0         "
880;56529;6732;4564;NULL;2020-05-22 22:29:08.600;"242    ";"0         "
882;56770;6771;4564;NULL;2020-05-22 22:30:30.553;"242    ";"0         "
883;56763;6772;4564;Há dotação orçamentária específica para o Núcleo Ambiental.;2020-05-22 22:30:30.570;"242    ";"0         "
884;56764;6772;4564;É feito o acompanhamento discriminado dos custos ambientais.;2020-05-22 22:30:30.600;"242    ";"0         "
885;56765;6772;4564;O orçamento destinado à área ambiental aumentou, em proporção do orçamento total da instalação, comparado ao do ano anterior.;2020-05-22 22:30:30.600;"242    ";"0         "
886;56779;6793;4564;NULL;2020-05-22 22:33:18.600;"242    ";"0         "
887;56775;6794;4564;Desenvolve programas e/ou projetos de educação ambiental voltados para a comunidade externa à instalação portuária.;2020-05-22 22:33:18.617;"242    ";"0         "
888;56778;6794;4564;Executa de modo frequente ações de conscientização e capacitação técnica dos profissionais da instalação em temas de meio ambiente e sustentabilidade;2020-05-22 22:33:18.630;"242    ";"0         "
889;56780;6799;4564;NULL;2020-05-22 22:34:04.943;"242    ";"0         "
891;56649;6741;4564;NULL;2020-05-22 22:39:21.007;"242    ";"0         "
892;56783;6812;4564;NULL;2020-05-22 22:41:05.930;"242    ";"0         "
893;56789;6822;4564;NULL;2020-05-22 22:42:02.943;"242    ";"0         "
894;56786;6823;4564;Há monitoramento regular de materiais particulados.;2020-05-22 22:42:02.960;"242    ";"0         "
895;56787;6823;4564;Há monitoramento regular de gases.;2020-05-22 22:42:02.977;"242    ";"0         "
896;56788;6823;4564;Há medidas de mitigação da poluição por gases e particulados.;2020-05-22 22:42:02.990;"242    ";"0         "
897;56797;6840;4564;NULL;2020-05-22 22:42:22.287;"242    ";"0         "
898;53481;6742;4564;NULL;2020-05-22 22:50:57.023;"275    ";"0         "
899;53491;6760;4564;NULL;2020-05-22 22:53:43.553;"275    ";"0         "
900;53731;6783;4564;NULL;2020-05-22 22:54:04.350;"275    ";"0         "
902;60846;6751;4564;NULL;2020-05-22 22:57:32.087;"284    ";"0         "
904;54388;6771;4564;NULL;2020-05-22 23:02:01.743;"284    ";"0         "
905;57171;6830;4564;NULL;2020-05-22 23:02:32.337;"284    ";"0         "
906;54417;6840;4564;NULL;2020-05-22 23:03:26.680;"284    ";"0         "
907;60794;6728;4564;NULL;2020-05-22 23:05:09.320;"285    ";"0         "
908;60797;6736;4564;NULL;2020-05-22 23:05:37.023;"285    ";"0         "
909;60845;6738;4564;NULL;2020-05-22 23:07:12.710;"285    ";"0         "
910;60917;6795;4564;NULL;2020-05-22 23:09:18.273;"285    ";"0         "
911;58049;6783;4564;NULL;2020-05-22 23:11:14.257;"297    ";"0         "
913;58501;6729;4564;NULL;2020-05-22 23:15:16.350;"338    ";"0         "
914;58544;6743;4564;NULL;2020-05-22 23:15:50.087;"338    ";"0         "
915;58551;6755;4564;NULL;2020-05-22 23:16:31.757;"338    ";"0         "
916;58612;6829;4564;NULL;2020-05-22 23:17:56.553;"338    ";"0         "
917;59179;6729;4564;NULL;2020-05-22 23:21:18.777;"357    ";"0         "
918;59210;6768;4564;NULL;2020-05-22 23:22:54.073;"357    ";"0         "
919;59219;6801;4564;NULL;2020-05-22 23:23:47.697;"357    ";"0         "
920;59684;6741;4564;NULL;2020-05-22 23:26:10.417;"169    ";"0         "
921;60324;6780;4564;NULL;2020-05-22 23:26:26.230;"169    ";"0         "
922;60333;6783;4564;NULL;2020-05-22 23:27:03.997;"169    ";"0         "
923;60298;6795;4564;NULL;2020-05-22 23:27:46.293;"169    ";"0         "
924;59872;6842;4564;NULL;2020-05-22 23:28:03.903;"169    ";"0         "
925;54323;6732;71;NULL;2020-05-25 11:50:00.913;"247    ";"0         "
926;54325;6736;71;NULL;2020-05-25 11:50:38.853;"247    ";"0         "
927;54327;6743;71;NULL;2020-05-25 11:51:28.603;"247    ";"0         "
928;53011;6745;71;Plano de Controle de Emergência - PCE;2020-05-25 11:51:28.633;"247    ";"0         "
929;53013;6745;71;Programa de Prevenção de Riscos Ambientais - PPRA;2020-05-25 11:51:28.633;"247    ";"0         "
930;60400;6753;71;NULL;2020-05-25 11:52:33.057;"247    ";"0         "
931;60402;6760;71;NULL;2020-05-25 11:53:14.243;"247    ";"0         "
932;58015;6757;71;Faz a avaliação da situação atual e define metas de redução do consumo de energia.;2020-05-25 11:53:14.243;"247    ";"0         "
933;58016;6757;71;Adota medidas/ações/estratégias para redução do consumo de energia.;2020-05-25 11:53:14.260;"247    ";"0         "
934;58017;6757;71;Acompanha sistematicamente a eficiência das ações de redução por meio de indicadores.;2020-05-25 11:53:14.260;"247    ";"0         "
935;54339;6771;71;NULL;2020-05-25 12:09:23.697;"247    ";"0         "
936;54333;6772;71;O gasto com pagamento de multas ambientais foi igual ou menor que no ano anterior.;2020-05-25 12:09:23.713;"247    ";"0         "
937;54334;6772;71;Há dotação orçamentária específica para o Núcleo Ambiental.;2020-05-25 12:09:23.727;"247    ";"0         "
938;54335;6772;71;É feito o acompanhamento discriminado dos custos ambientais.;2020-05-25 12:09:23.743;"247    ";"0         "
939;54336;6772;71;O orçamento destinado à área ambiental aumentou, em proporção do orçamento total da instalação, comparado ao do ano anterior.;2020-05-25 12:09:23.760;"247    ";"0         "
940;54340;6777;71;NULL;2020-05-25 12:10:12.977;"247    ";"0         "
941;54341;6780;71;NULL;2020-05-25 12:10:47.370;"247    ";"0         "
942;54342;6783;71;NULL;2020-05-25 12:11:14.680;"247    ";"0         "
943;54343;6784;71;NULL;2020-05-25 12:12:41.633;"247    ";"0         "
944;54348;6793;71;NULL;2020-05-25 12:13:43.103;"247    ";"0         "
945;54345;6794;71;Mensura e divulga os resultados dos programas e/ou projetos de educação ambiental, tanto aqueles internos quanto aqueles externos.;2020-05-25 12:13:43.150;"247    ";"0         "
946;54346;6794;71;Estabelece parcerias com escolas, universidades e/ou ONGS para as ações de educação ambiental internas e externas à instalação portuária;2020-05-25 12:13:43.167;"247    ";"0         "
947;54347;6794;71;Executa de modo frequente ações de conscientização e capacitação técnica dos profissionais da instalação em temas de meio ambiente e sustentabilidade;2020-05-25 12:13:43.197;"247    ";"0         "
948;54349;6799;71;NULL;2020-05-25 12:15:24.603;"247    ";"0         "
949;54350;6804;71;NULL;2020-05-25 12:16:00.633;"247    ";"0         "
950;54352;6812;71;NULL;2020-05-25 12:17:47.697;"247    ";"0         "
951;54358;6820;71;NULL;2020-05-25 12:18:57.040;"247    ";"0         "
952;54354;6823;71;Há inventário ou mapa de emissões, com identificação das fontes e quantificação dos gases e/ou particulados.;2020-05-25 12:18:57.087;"247    ";"0         "
953;54357;6823;71;Há medidas de mitigação da poluição por gases e particulados.;2020-05-25 12:18:57.103;"247    ";"0         "
955;54360;6827;71;O PGRS está elaborado e implementado.;2020-05-25 12:20:07.823;"247    ";"0         "
956;54361;6827;71;O PGRS foi aprovado pelo órgão ambiental.;2020-05-25 12:20:07.837;"247    ";"0         "
957;54362;6827;71;Há promoção de campanhas periódicas para incentivar o gerenciamento de resíduos gerados pela instalação e empresas que atuam na instalação.;2020-05-25 12:20:07.853;"247    ";"0         "
958;54363;6827;71;Existe norma com procedimento interno referente ao gerenciamento de resíduos gerados pelas áreas administrativa e operacional, incluindo os perigosos.;2020-05-25 12:20:07.853;"247    ";"0         "
959;54365;6835;71;NULL;2020-05-25 12:20:35.387;"247    ";"0         "
960;54366;6840;71;NULL;2020-05-25 12:21:14.277;"247    ";"0         "
961;54367;6843;71;NULL;2020-05-25 12:21:58.260;"247    ";"0         "
962;54368;6832;71;NULL;2020-05-25 12:22:20.090;"247    ";"0         "
966;59106;5824;95;Há inventário ou mapa de emissões, com identificação das fontes e quantificação dos gases e/ou particulados.;2020-05-26 11:20:26.843;"VDC    ";"0         "
967;59107;5824;95;Há monitoramento regular de materiais particulados.;2020-05-26 11:20:26.843;"VDC    ";"0         "
968;59108;5824;95;Há monitoramento regular de gases.;2020-05-26 11:20:26.860;"VDC    ";"0         "
969;59109;5824;95;Há medidas de mitigação da poluição por gases e particulados.;2020-05-26 11:20:26.877;"VDC    ";"0         "
970;54528;5980;95;NULL;2020-05-26 12:26:37.910;"BEL    ";"0         "
971;58702;5993;95;NULL;2020-05-26 12:28:54.253;"BEL    ";"0         "
972;54531;5994;95;Há inventário ou mapa de emissões, com identificação das fontes e quantificação dos gases e/ou particulados.;2020-05-26 12:28:54.270;"BEL    ";"0         "
973;54532;5994;95;Há monitoramento regular de materiais particulados.;2020-05-26 12:28:54.287;"BEL    ";"0         "
974;54533;5994;95;Há monitoramento regular de gases.;2020-05-26 12:28:54.287;"BEL    ";"0         "
975;54534;5994;95;Há medidas de mitigação da poluição por gases e particulados.;2020-05-26 12:28:54.300;"BEL    ";"0         "
978;52626;6023;4442;NULL;2020-05-26 15:40:21.583;"CDO    ";"0         "
979;58894;5836;95;NULL;2020-05-26 15:46:50.337;"VDC    ";"0         "
980;54435;5980;95;NULL;2020-05-26 15:57:39.477;"STM    ";"0         "
981;58696;5993;95;NULL;2020-05-26 15:58:51.760;"STM    ";"0         "
982;54423;5994;95;Há inventário ou mapa de emissões, com identificação das fontes e quantificação dos gases e/ou particulados.;2020-05-26 15:58:51.777;"STM    ";"0         "
983;54424;5994;95;Há monitoramento regular de materiais particulados.;2020-05-26 15:58:51.790;"STM    ";"0         "
984;54425;5994;95;Há monitoramento regular de gases.;2020-05-26 15:58:51.807;"STM    ";"0         "
985;54426;5994;95;Há medidas de mitigação da poluição por gases e particulados.;2020-05-26 15:58:51.823;"STM    ";"0         "
986;52544;6005;95;NULL;2020-05-26 16:08:57.433;"STM    ";"0         "
987;58308;6739;95;NULL;2020-05-26 17:33:51.533;"248    ";"0         "
988;54915;6766;95;NULL;2020-05-26 17:42:18.097;"170    ";"0         "
992;60961;6732;95;NULL;2020-05-26 19:14:06.487;"576    ";"0         "
993;60960;6729;95;NULL;2020-05-26 19:20:05.553;"576    ";"0         "
994;61171;6763;95;NULL;2020-05-26 19:22:42.100;"576    ";"0         "
995;61173;6777;95;NULL;2020-05-26 19:23:34.600;"576    ";"0         "
996;61180;6822;95;NULL;2020-05-26 19:24:05.040;"576    ";"0         "
997;61074;6826;95;NULL;2020-05-26 19:33:18.293;"576    ";"0         "
998;61007;6835;95;NULL;2020-05-26 19:33:31.277;"576    ";"0         "
999;61008;6840;95;NULL;2020-05-26 19:34:58.823;"576    ";"0         "
1000;61009;6843;95;NULL;2020-05-26 19:35:15.763;"576    ";"0         "
1001;54037;6783;95;NULL;2020-05-26 20:39:10.857;"364    ";"0         "
1002;54090;6793;95;NULL;2020-05-26 20:39:51.983;"364    ";"0         "
1003;54047;6794;95;Desenvolve programas e/ou projetos de educação ambiental voltados para a comunidade externa à instalação portuária.;2020-05-26 20:39:52.013;"364    ";"0         "
1004;54048;6794;95;Mensura e divulga os resultados dos programas e/ou projetos de educação ambiental, tanto aqueles internos quanto aqueles externos.;2020-05-26 20:39:52.030;"364    ";"0         "
1005;54049;6794;95;Estabelece parcerias com escolas, universidades e/ou ONGS para as ações de educação ambiental internas e externas à instalação portuária;2020-05-26 20:39:52.030;"364    ";"0         "
1006;54050;6794;95;Executa de modo frequente ações de conscientização e capacitação técnica dos profissionais da instalação em temas de meio ambiente e sustentabilidade;2020-05-26 20:39:52.060;"364    ";"0         "
1007;54421;6804;95;NULL;2020-05-26 20:40:37.047;"364    ";"0         "
1008;54387;6812;95;NULL;2020-05-26 20:41:15.547;"364    ";"0         "
1009;54058;6835;95;NULL;2020-05-26 20:41:25.220;"364    ";"0         "
1010;60666;6778;95;NULL;2020-05-27 09:44:39.537;"208    ";"0         "
1011;60628;6781;95;NULL;2020-05-27 09:45:08.383;"208    ";"0         "
1012;60788;6826;95;NULL;2020-05-27 09:45:17.833;"208    ";"0         "
1014;61035;6741;95;NULL;2020-05-27 10:20:33.120;"148    ";"0         "
1015;61012;6745;95;Plano de Área;2020-05-27 10:20:33.167;"148    ";"0         "
1016;61045;6766;95;NULL;2020-05-27 10:20:43.947;"148    ";"0         "
1017;61067;6777;95;NULL;2020-05-27 10:20:57.977;"148    ";"0         "
1018;61033;6780;95;NULL;2020-05-27 10:21:22.570;"148    ";"0         "
1019;61042;6783;95;NULL;2020-05-27 10:21:39.227;"148    ";"0         "
1020;59986;6763;95;NULL;2020-05-27 10:54:54.707;"186    ";"0         "
1021;60018;6783;95;NULL;2020-05-27 10:55:10.597;"186    ";"0         "
1022;53468;6823;95;Há inventário ou mapa de emissões, com identificação das fontes e quantificação dos gases e/ou particulados.;2020-05-29 14:23:17.700;"165    ";"1         "
1023;53469;6823;95;Há monitoramento regular de materiais particulados.;2020-05-29 14:23:17.730;"165    ";"1         "
1024;53470;6823;95;Há monitoramento regular de gases.;2020-05-29 14:23:17.730;"165    ";"1         "
1025;53471;6823;95;Há medidas de mitigação da poluição por gases e particulados.;2020-05-29 14:23:17.747;"165    ";"1         "
1026;53177;6745;95;Plano de Emergência Individual - PEI;2020-05-29 14:24:00.107;"165    ";"1         "
1027;53180;6745;95;Plano de Ajuda Mútua - PAM;2020-05-29 14:24:00.120;"165    ";"1         "
1028;53181;6745;95;Programa de Prevenção de Riscos Ambientais - PPRA;2020-05-29 14:24:00.137;"165    ";"1         "
1029;60505;6721;95;NULL;2020-05-29 14:45:10.487;"183    ";"0         "
1030;60646;6823;95;Há inventário ou mapa de emissões, com identificação das fontes e quantificação dos gases e/ou particulados.;2020-05-29 14:47:17.190;"183    ";"1         "
1032;57454;6777;2544;NULL;2020-05-29 15:13:57.470;"299    ";"0         "
1033;57463;6804;2544;NULL;2020-05-29 15:22:06.767;"299    ";"0         "
1034;54709;6756;2544;B.	Há destinação de algum resíduo para reciclagem.;2020-05-29 15:56:56.140;"353    ";"0         "
1035;54710;6756;2544;C.	Há o controle da instalação portuária sobre a disposição final adequada.;2020-05-29 15:56:56.173;"353    ";"0         "
1036;61378;6760;2544;NULL;2020-05-29 15:58:21.767;"353    ";"0         "
1037;54712;6757;2544;Faz a avaliação da situação atual e define metas de redução do consumo de energia.;2020-05-29 15:58:22.080;"353    ";"0         "
1038;54725;6777;2544;NULL;2020-05-29 16:00:20.093;"353    ";"0         "
1039;54726;6780;2544;NULL;2020-05-29 16:00:58.283;"353    ";"0         "
1040;54727;6783;2544;NULL;2020-05-29 16:01:10.000;"353    ";"0         "
1041;54735;6804;2544;NULL;2020-05-29 16:04:13.173;"353    ";"0         "
1042;54198;6720;2544;NULL;2020-05-29 16:09:30.580;"306    ";"0         "
1043;54220;6752;2544;NULL;2020-05-29 16:13:11.627;"306    ";"0         "
1044;54226;6760;2544;NULL;2020-05-29 16:14:11.313;"306    ";"0         "
1045;54221;6757;2544;Faz a avaliação da situação atual e define metas de redução do consumo de energia.;2020-05-29 16:14:11.330;"306    ";"0         "
1046;54222;6757;2544;Adota medidas/ações/estratégias para redução do consumo de energia.;2020-05-29 16:14:11.330;"306    ";"0         "
1047;54223;6757;2544;Acompanha sistematicamente a eficiência das ações de redução por meio de indicadores.;2020-05-29 16:14:11.330;"306    ";"0         "
1048;61278;6766;2544;NULL;2020-05-29 16:14:59.017;"306    ";"0         "
1049;54618;6777;2544;NULL;2020-05-29 16:15:27.487;"306    ";"0         "
1050;54630;6780;2544;NULL;2020-05-29 16:16:24.017;"306    ";"0         "
1051;54632;6783;2544;NULL;2020-05-29 16:16:49.423;"306    ";"0         "
1052;54649;6804;2544;NULL;2020-05-29 16:21:17.050;"306    ";"0         "
1053;60913;6834;2544;NULL;2020-05-29 16:29:11.110;"306    ";"0         "
1055;56951;6743;95;NULL;2020-05-29 18:14:51.630;"204    ";"0         "
1056;55061;6745;95;Plano de Ajuda Mútua - PAM;2020-05-29 18:14:51.643;"204    ";"0         "
1057;55929;6777;95;NULL;2020-05-29 19:07:31.287;"215    ";"0         "
1059;55932;6783;95;NULL;2020-05-29 19:10:34.693;"215    ";"0         "
1060;55943;6788;95;NULL;2020-05-29 19:16:49.550;"215    ";"0         "
1061;58195;6783;95;NULL;2020-05-29 19:34:23.630;"243    ";"0         "
1062;58197;6788;95;NULL;2020-05-29 19:35:32.707;"243    ";"0         "
1063;53446;6788;95;NULL;2020-05-29 19:54:53.960;"330    ";"0         "
1067;57597;6757;2544;Adota medidas/ações/estratégias para redução do consumo de energia.;2020-05-31 20:12:16.413;"136    ";"0         "
1068;59341;6766;2544;NULL;2020-05-31 20:21:29.880;"138    ";"0         "
1069;58596;6766;2544;NULL;2020-05-31 21:09:24.843;"238    ";"0         "
1070;55381;6783;2544;NULL;2020-05-31 21:17:12.280;"164    ";"0         "
1071;55380;6780;2544;NULL;2020-05-31 21:17:41.767;"164    ";"0         "
1073;60548;6819;4564;NULL;2020-06-09 21:59:22.463;"167    ";"0         "
1074;60554;6826;4564;NULL;2020-06-09 22:03:05.433;"167    ";"0         "
1075;60565;6840;4564;NULL;2020-06-09 22:04:37.170;"167    ";"0         "
1076;60573;6842;4564;NULL;2020-06-09 22:05:08.623;"167    ";"0         "
1077;60520;6785;4564;NULL;2020-06-09 22:05:31.700;"167    ";"0         "
1078;60205;6819;4564;NULL;2020-06-09 22:07:07.153;"152    ";"0         "
1079;60209;6826;4564;NULL;2020-06-09 22:07:33.247;"152    ";"0         "
1080;60234;6840;4564;NULL;2020-06-09 22:07:52.653;"152    ";"0         "
1081;57947;6780;4564;NULL;2020-06-15 14:10:14.020;"297    ";"0         "
1089;58891;5810;4442;NULL;2020-06-16 17:56:16.353;"VDC    ";"0         "
1090;59110;5823;4442;NULL;2020-06-16 17:59:29.950;"VDC    ";"0         "
1093;53268;6731;4442;NULL;2020-06-16 18:07:23.797;"131    ";"0         "
1100;54104;6768;4442;NULL;2020-06-17 15:47:48.077;"131    ";"0         "
1101;60561;6753;2544;NULL;2020-06-18 12:55:10.630;"159    ";"0         "
1113;55340;6605;179;NULL;2020-06-18 13:18:48.113;"FNO    ";"0         "
1114;55404;6614;179;NULL;2020-06-18 13:19:24.427;"FNO    ";"0         "
1115;55514;6625;179;NULL;2020-06-18 13:20:08.550;"FNO    ";"0         "
1116;55521;6630;179;NULL;2020-06-18 13:20:22.207;"FNO    ";"0         "
1117;55553;6636;179;NULL;2020-06-18 13:20:46.363;"FNO    ";"0         "
1120;55600;6647;179;NULL;2020-06-18 13:21:37.143;"FNO    ";"0         "
1121;55605;6650;179;NULL;2020-06-18 13:21:56.317;"FNO    ";"0         "
1122;55606;6653;179;NULL;2020-06-18 13:22:08.550;"FNO    ";"0         "
1123;55610;6658;179;NULL;2020-06-18 13:22:23.690;"FNO    ";"0         "
1124;55621;6663;179;NULL;2020-06-18 13:22:37.223;"FNO    ";"0         "
1125;55671;6698;179;NULL;2020-06-18 13:24:54.973;"FNO    ";"0         "
1126;55677;6707;179;NULL;2020-06-18 13:25:42.567;"FNO    ";"0         "
1127;60581;6780;2544;NULL;2020-06-18 15:31:20.907;"159    ";"0         "
1128;60583;6783;2544;NULL;2020-06-18 15:33:19.263;"159    ";"0         "
1129;60597;6788;2544;NULL;2020-06-18 15:34:29.577;"159    ";"0         "
1130;52669;6731;179;NULL;2020-06-18 15:56:11.387;"134    ";"0         "
1131;52699;6779;179;NULL;2020-06-18 15:57:59.120;"134    ";"0         "
1132;52700;6782;179;NULL;2020-06-18 15:58:07.543;"134    ";"0         "
1133;52707;6791;179;NULL;2020-06-18 15:58:30.370;"134    ";"0         "
1134;52709;6802;179;NULL;2020-06-18 15:58:46.683;"134    ";"0         "
1135;52728;6829;179;NULL;2020-06-18 15:59:47.247;"134    ";"0         "
1137;55963;5678;4564;NULL;2020-06-22 14:17:25.900;"FOR    ";"0         "
1138;57245;5683;4564;NULL;2020-06-22 14:26:08.333;"FOR    ";"0         "
1139;56026;5688;4564;NULL;2020-06-22 14:27:16.977;"FOR    ";"0         "
1140;56115;5715;4564;NULL;2020-06-22 19:52:35.933;"FOR    ";"0         "
1141;57249;5716;4564;NULL;2020-06-22 19:54:12.400;"FOR    ";"0         "
1142;56166;5721;4564;NULL;2020-06-22 19:55:18.917;"FOR    ";"0         "
1143;57165;5725;4564;NULL;2020-06-22 19:56:47.790;"FOR    ";"0         "
1144;57172;5735;4564;NULL;2020-06-22 20:08:59.943;"FOR    ";"0         "
1145;57173;5738;4564;NULL;2020-06-22 20:10:01.413;"FOR    ";"0         "
1146;57193;5758;4564;NULL;2020-06-22 20:25:26.380;"FOR    ";"0         "
1147;57251;5763;4564;NULL;2020-06-22 20:30:50.363;"FOR    ";"0         "
1148;57238;5781;4564;NULL;2020-06-22 20:37:00.113;"FOR    ";"0         "
1149;57246;5787;4564;NULL;2020-06-22 20:38:25.893;"FOR    ";"0         "
1150;57248;5810;4564;NULL;2020-06-22 20:45:02.707;"FOR    ";"0         "
1151;57250;5813;4564;NULL;2020-06-22 20:46:10.253;"FOR    ";"0         "
1152;57247;5822;4564;NULL;2020-06-22 20:48:51.940;"FOR    ";"0         "
1153;57218;5841;4564;NULL;2020-06-22 20:54:27.190;"FOR    ";"0         "
1155;58859;6016;2544;NULL;2020-08-18 10:33:36.940;"SSO    ";"0         "
1156;58868;6026;2544;NULL;2020-08-18 10:35:39.723;"SSO    ";"0         "
